{"class_loss": [0.08210375159978867, 0.0022894383873790503, 0.00015548145165666938, 1.1920930376163597e-07, 1.1920930376163597e-07, 1.1920930376163597e-07, 1.1920930376163597e-07, 1.1920930376163597e-07, 1.1920930376163597e-07, 1.1920930376163597e-07, 1.1920930376163597e-07, 1.1920930376163597e-07, 1.1920930376163597e-07, 1.1920930376163597e-07, 1.1920930376163597e-07, 1.1920930376163597e-07, 1.1920930376163597e-07, 1.1920930376163597e-07], "regress_loss": [0.026163458824157715, 0.006309752352535725, 0.006769728846848011, 0.005904454737901688, 0.008960372768342495, 0.005616215523332357, 0.0046150581911206245, 0.004394227173179388, 0.0014248831430450082, 0.001019290299154818, 0.0021283526439219713, 0.001835104078054428, 0.0012395970989018679, 0.0007588723092339933, 0.0006978932651691139, 0.0009807985043153167, 0.0008587855845689774, 0.0008666504290886223], "total_loss": [0.10826721042394638, 0.008599190972745419, 0.006925210356712341, 0.005904573947191238, 0.008960491977632046, 0.005616334732621908, 0.004615177400410175, 0.004394346382468939, 0.001425002352334559, 0.0010194095084443688, 0.002128471853211522, 0.0018352232873439789, 0.0012397163081914186, 0.0007589915185235441, 0.0006980124744586647, 0.0009809177136048675, 0.0008589047938585281, 0.0008667696383781731], "val_class_loss": [0.006695891264826059, 0.0004884005174972117, 1.1920930376163597e-07, 1.1920930376163597e-07, 1.1920930376163597e-07, 1.1920930376163597e-07, 1.1920930376163597e-07, 1.1920930376163597e-07, 1.1920930376163597e-07, 1.1920930376163597e-07, 1.1920930376163597e-07, 1.1920930376163597e-07, 1.1920930376163597e-07, 1.1920930376163597e-07, 1.1920930376163597e-07, 1.1920930376163597e-07, 1.1920930376163597e-07, 1.1920930376163597e-07], "val_regress_loss": [0.0042521292343735695, 0.011204256676137447, 0.009490685537457466, 0.008723728358745575, 0.008690368384122849, 0.007379021029919386, 0.007395633962005377, 0.004552063066512346, 0.001522459089756012, 0.001371190301142633, 0.0018441366264596581, 0.0013759939465671778, 0.0010906948009505868, 0.0012725017732009292, 0.0014868093421682715, 0.0015253566671162844, 0.0014569946797564626, 0.001345644355751574], "val_total_loss": [0.010948020964860916, 0.011692657135426998, 0.009490804746747017, 0.008723847568035126, 0.0086904875934124, 0.007379140239208937, 0.007395753171294928, 0.004552182275801897, 0.0015225782990455627, 0.0013713095104321837, 0.001844255835749209, 0.0013761131558567286, 0.0010908140102401376, 0.00127262098249048, 0.0014869285514578223, 0.0015254758764058352, 0.0014571138890460134, 0.0013457635650411248], "learning_rate": [0.0010000000474974513, 0.0010000000474974513, 0.0010000000474974513, 0.0010000000474974513, 0.0010000000474974513, 0.0010000000474974513, 0.0010000000474974513, 0.0010000000474974513, 0.0010000000474974513, 0.0010000000474974513, 0.0010000000474974513, 0.0010000000474974513, 0.0010000000474974513, 0.0010000000474974513, 0.0010000000474974513, 0.0010000000474974513, 0.00020000000949949026, 0.00020000000949949026]}